{"cameraMode":{"drawMode":0,"name":"Shaded","section":"Shading Mode"},"sceneLighting":true,"audioPlay":false,"sceneViewState":{"m_AlwaysRefresh":false,"showFog":true,"showSkybox":false,"showFlares":true,"showImageEffects":true,"showParticleSystems":true,"showVisualEffectGraphs":true,"m_FxEnabled":true},"in2DMode":false,"pivot":{"x":-12.511320114135743,"y":2.8599119186401369,"z":-24.202064514160158},"rotation":{"x":-0.00752798980101943,"y":-0.9700882434844971,"z":-0.03026311844587326,"w":0.2407829910516739},"size":10.347916603088379,"orthographic":false}